genre,format_type,whitespace_percentage,page_area,whitespace_cm2
Lyric,Small,36.83068627494764,200,73.66137254989528
Lyric,Small,28.930946074367224,200,57.86189214873445
Prose,Large,15.0025139114128,620,93.01558625075936
Lyric,Small,28.160710959033437,200,56.321421918066875
Lyric,Small,35.3387376221135,200,70.677475244227
Lyric,Small,37.30638746426098,200,74.61277492852196
Lyric,Small,27.866883271268076,200,55.73376654253616
Prose,Small,14.14091706648399,200,28.28183413296798
Lyric,Small,33.480138540971616,200,66.96027708194323
Prose,Large,20.29788258575753,620,125.84687203169669
Lyric,Small,38.739691642732616,200,77.47938328546523
Lyric,Small,42.283918162034055,200,84.56783632406811
Lyric,Small,34.6187747201222,200,69.2375494402444
Prose,Small,20.949804270977154,200,41.89960854195431
Prose,Large,14.41490004980674,620,89.37238030880178
Prose,Small,14.474176211314177,200,28.948352422628354
Prose,Large,24.711479312482123,620,153.21117173738918
Prose,Large,20.006097933850455,620,124.03780718987282
Lyric,Small,32.926334745917515,200,65.85266949183503
Lyric,Small,31.695594905047955,200,63.3911898100959
Prose,Large,22.46268104810321,620,139.26862249823992
Prose,Large,14.095243921354845,620,87.39051231240003
Lyric,Small,44.3066969932716,200,88.6133939865432
Lyric,Small,31.17180114114608,200,62.34360228229217
Prose,Large,12.879324132428861,620,79.85180962105893
Lyric,Small,38.52069219624655,200,77.0413843924931
Prose,Small,16.77464007717684,200,33.54928015435368
Lyric,Small,26.92251996765068,200,53.84503993530135
Lyric,Small,26.824665052596984,200,53.64933010519397
Prose,Large,32.67968847346924,620,202.61406853550932
Lyric,Small,27.69432173569627,200,55.38864347139254
Prose,Large,29.947596836114293,620,185.6751003839086
Lyric,Small,39.93884246930976,200,79.87768493861952
Prose,Large,18.422640052484393,620,114.22036832540324
Lyric,Small,30.621195423344908,200,61.24239084668982
Lyric,Large,31.38468667622425,620,194.58505739259036
Lyric,Small,33.2354596224633,200,66.4709192449266
Prose,Large,23.355349943889088,620,144.80316965211236
Lyric,Small,39.64563498353068,200,79.29126996706135
Lyric,Small,18.55547331867165,200,37.1109466373433
Lyric,Small,25.89625659209919,200,51.79251318419838
Prose,Large,17.792153931465933,620,110.31135437508878
Prose,Large,16.605236149629988,620,102.95246412770592
Prose,Large,10.38228018629946,620,64.37013715505664
Prose,Small,20.514836420978835,200,41.02967284195767
Prose,Large,13.421540367004278,620,83.21355027542653
Lyric,Large,35.357562302213424,620,219.21688627372322
Lyric,Small,32.153254592465174,200,64.30650918493035
Prose,Large,12.887580415028134,620,79.90299857317444
Prose,Small,18.215261886962924,200,36.43052377392585
Lyric,Small,33.997561621007584,200,67.99512324201517
Prose,Small,18.46920246770576,200,36.93840493541152
Prose,Large,22.623142497569965,620,140.26348348493377
Prose,Small,28.025980774490677,200,56.05196154898135
Lyric,Small,32.334894848325106,200,64.66978969665021
Lyric,Small,32.9085877982929,200,65.8171755965858
Prose,Large,12.578383753071884,620,77.98597926904569
Prose,Small,26.452896782167553,200,52.9057935643351
Prose,Large,16.160842943625692,620,100.19722625047929
Lyric,Large,27.29832946398697,620,169.24964267671922
Prose,Large,20.88547600464693,620,129.48995122881098
Prose,Large,28.925973705551804,620,179.3410369744212
Lyric,Large,39.657216908542324,620,245.87474483296242
Prose,Large,23.686733340967635,620,146.85774671399935
Lyric,Small,36.376339662712645,200,72.75267932542529
Lyric,Large,31.015217192676296,620,192.29434659459304
Prose,Large,28.48174819663662,620,176.58683881914703
Prose,Large,8.601395387751268,620,53.32865140405786
Prose,Small,16.416249511989342,200,32.832499023978684
Lyric,Small,41.47125318701057,200,82.94250637402114
Lyric,Large,32.29270232668911,620,200.21475442547248
Prose,Large,26.740634601477527,620,165.79193452916067
Lyric,Small,38.10847950414308,200,76.21695900828615
Lyric,Small,25.52676082241416,200,51.05352164482832
Lyric,Small,24.920756226946956,200,49.84151245389391
Lyric,Small,35.59667372059309,200,71.19334744118618
Lyric,Small,31.319626572182827,200,62.63925314436566
Prose,Small,12.599721544863872,200,25.199443089727747
Prose,Large,18.647676097008546,620,115.61559180145298
Lyric,Small,38.29394025455628,200,76.58788050911257
Prose,Large,24.645448573695017,620,152.8017811569091
Prose,Large,18.924349635553813,620,117.33096774043365
Lyric,Small,41.868136544172465,200,83.73627308834493
Lyric,Large,34.427298748184825,620,213.4492522387459
Prose,Small,15.207211684094096,200,30.414423368188192
Prose,Small,18.93005952823134,200,37.86011905646268
Prose,Small,17.960752612531188,200,35.921505225062376
Prose,Large,23.99468874855627,620,148.76707024104888
Prose,Large,18.091140515632375,620,112.16507119692074
Prose,Large,19.771662871429488,620,122.58430980286282
Lyric,Small,29.821755227313616,200,59.64351045462723
Lyric,Small,37.05802882604228,200,74.11605765208456
Lyric,Small,34.35031722708946,200,68.70063445417892
Prose,Small,20.867776906599868,200,41.735553813199736
Prose,Large,21.550234519707278,620,133.61145402218511
Prose,Large,15.463700141968783,620,95.87494088020645
Prose,Large,22.600363776542952,620,140.1222554145663
Lyric,Small,33.35786582612256,200,66.71573165224513
Lyric,Small,34.04509575577904,200,68.09019151155807
Prose,Large,20.327625170470828,620,126.03127605691914
Prose,Small,21.060826007462417,200,42.121652014924834
Prose,Large,14.842432471893307,620,92.0230813257385
Prose,Large,27.566315548252533,620,170.91115639916572
Prose,Large,25.59292303329527,620,158.6761228064307
Prose,Large,14.818222596975872,620,91.8729801012504
Prose,Large,25.257498066758473,620,156.59648801390253
Prose,Large,21.433532473385036,620,132.88790133498722
Lyric,Small,29.527287366780836,200,59.05457473356167
Prose,Large,28.231754372825705,620,175.03687711151937
Lyric,Small,30.261984035064476,200,60.52396807012895
Prose,Large,19.428760442589347,620,120.45831474405395
Lyric,Small,31.49180675841593,200,62.98361351683186
Prose,Large,19.464818391828715,620,120.68187402933803
Prose,Small,13.272291975093903,200,26.544583950187807
Prose,Small,20.633597998519377,200,41.267195997038755
Prose,Large,23.184998766749324,620,143.7469923538458
Lyric,Small,33.229779559511606,200,66.45955911902321
Lyric,Small,40.33927835673033,200,80.67855671346067
Lyric,Small,38.710077517386665,200,77.42015503477333
Prose,Large,20.139098340148315,620,124.86240970891956
Prose,Small,28.70901993005809,200,57.418039860116174
Lyric,Small,30.490109916128773,200,60.980219832257546
Lyric,Small,24.863188494697585,200,49.72637698939517
Lyric,Small,35.79530134759906,200,71.59060269519811
Lyric,Small,31.660840735274128,200,63.32168147054825
Prose,Large,13.263873765983437,620,82.23601734909731
Prose,Large,16.79650486893122,620,104.13833018737355
Prose,Small,22.628484170375962,200,45.256968340751925
Prose,Large,14.2741055915489,620,88.49945466760317
Prose,Large,17.002717416992752,620,105.41684798535506
Prose,Large,16.85582420225629,620,104.50611005398899
Lyric,Small,28.44495204009511,200,56.88990408019022
Prose,Large,16.83328602121361,620,104.36637333152437
Lyric,Large,38.2948003270871,620,237.42776202794005
Lyric,Large,39.949055877939855,620,247.6841464432271
Lyric,Small,29.868689114729705,200,59.737378229459416
Prose,Large,20.067707529623668,620,124.41978668366674
Prose,Small,11.946015148951066,200,23.89203029790213
Lyric,Small,32.9753432330177,200,65.9506864660354
Prose,Large,19.14702072079493,620,118.71152846892856
Prose,Large,20.45629141922877,620,126.82900679921838
Prose,Large,18.310322039253197,620,113.52399664336981
Prose,Small,16.96089998202702,200,33.92179996405404
Prose,Large,14.44622191984799,620,89.56657590305754
Lyric,Small,25.8470763102389,200,51.69415262047781
Lyric,Small,40.69186826544383,200,81.38373653088766
Lyric,Small,28.84242745202716,200,57.68485490405432
Prose,Large,26.276128269396526,620,162.91199527025847
Prose,Large,13.43201987848962,620,83.27852324663564
Lyric,Small,35.65392254801014,200,71.30784509602027
Lyric,Small,31.727164586824287,200,63.454329173648574
Prose,Large,21.41681899974233,620,132.78427779840243
Lyric,Small,34.87451117286204,200,69.74902234572409
Lyric,Small,37.71689397808542,200,75.43378795617085
Lyric,Large,39.72206942708883,620,246.27683044795077
Lyric,Small,32.66174362804768,200,65.32348725609536
Prose,Large,8.52582247761529,620,52.8600993612148
Prose,Small,24.748180295352437,200,49.496360590704874
Lyric,Small,37.11663371804174,200,74.23326743608348
Prose,Small,23.002711420842644,200,46.00542284168529
Lyric,Small,28.842996630034392,200,57.68599326006878
Prose,Large,11.530306554760454,620,71.48790063951482
Prose,Large,26.879114252815672,620,166.65050836745718
Lyric,Small,34.4741049398436,200,68.9482098796872
Lyric,Small,38.953443965397994,200,77.90688793079599
Lyric,Small,38.089184129548485,200,76.17836825909697
Prose,Small,22.246520888514212,200,44.493041777028424
Lyric,Small,35.9478254952113,200,71.8956509904226
Lyric,Small,40.271391272795704,200,80.54278254559141
Lyric,Small,34.33009871616422,200,68.66019743232845
Lyric,Small,46.31253025587836,200,92.62506051175671
Lyric,Small,23.090760350852207,200,46.181520701704414
Lyric,Large,30.0408088359819,620,186.25301478308776
Prose,Large,21.080008592202837,620,130.69605327165758
Prose,Small,18.355839570547996,200,36.71167914109599
Lyric,Small,28.774388527257717,200,57.54877705451543
Lyric,Small,34.46346794118896,200,68.92693588237792
Prose,Large,15.383718842271291,620,95.379056822082
Prose,Small,12.525468803873505,200,25.05093760774701
Prose,Small,21.1442339135115,200,42.288467827023
Lyric,Small,22.561209827224985,200,45.12241965444997
Lyric,Large,34.94167901436096,620,216.63840988903794
Prose,Large,14.945296782757207,620,92.66084005309469
Prose,Large,17.649810572807326,620,109.42882555140542
Prose,Small,15.689587154118742,200,31.379174308237484
Prose,Small,19.05484138815023,200,38.10968277630046
Prose,Large,14.269247994619136,620,88.46933756663864
Prose,Small,19.271332834875142,200,38.542665669750285
Prose,Large,25.05042478104781,620,155.31263364249642
Prose,Large,27.790511809748047,620,172.3011732204379
Lyric,Small,38.63645925674581,200,77.27291851349162
Prose,Large,23.216123931810557,620,143.93996837722545
Lyric,Small,24.010415533469054,200,48.02083106693811
Prose,Large,21.04202398735309,620,130.46054872158916
Prose,Small,21.816182658111384,200,43.63236531622277
Lyric,Small,23.190278650351544,200,46.38055730070309
Prose,Large,18.31322396865357,620,113.54198860565212
Prose,Large,20.804647055332097,620,128.98881174305902
Lyric,Small,32.3182907137376,200,64.6365814274752
Lyric,Small,27.672179290450472,200,55.344358580900945
Prose,Small,11.022073456863918,200,22.044146913727836
Lyric,Small,29.01886806869344,200,58.03773613738687
Prose,Large,21.103728090953915,620,130.84311416391427
Lyric,Small,36.838065442774564,200,73.67613088554913
Prose,Large,26.37619366165109,620,163.53240070223677
Lyric,Large,26.732707456931607,620,165.742786232976
Lyric,Small,34.800555861230215,200,69.60111172246043
Prose,Large,5.001098380007193,620,31.006809956044595
Lyric,Small,31.29403589857741,200,62.58807179715482
Lyric,Small,31.415140502974676,200,62.83028100594935
Prose,Large,18.984479738301168,620,117.70377437746724
Prose,Large,22.083406743987048,620,136.9171218127197
Lyric,Small,31.208676070572114,200,62.417352141144235
Prose,Large,18.798478291660224,620,116.5505654082934
Lyric,Small,41.12112245260542,200,82.24224490521084
Lyric,Small,38.83866699372061,200,77.67733398744122
Prose,Large,11.379838559941856,620,70.5549990716395
Prose,Large,13.406394062123882,620,83.11964318516807
Prose,Large,24.83802490759558,620,153.9957544270926
Lyric,Small,35.36148625739514,200,70.72297251479029
Prose,Large,25.882713007645485,620,160.47282064740202
Lyric,Small,34.23643776959742,200,68.47287553919485
Prose,Small,16.218172193962033,200,32.436344387924066
Lyric,Large,37.66376032379483,620,233.51531400752796
Lyric,Small,41.09790442540724,200,82.19580885081449
Prose,Small,9.994641673701743,200,19.989283347403486
Prose,Large,20.314871400345464,620,125.95220268214187
Lyric,Small,32.95932317069616,200,65.91864634139232
Prose,Large,20.242700141526225,620,125.50474087746258
Lyric,Small,34.57628770120454,200,69.15257540240908
Prose,Large,22.045689593759857,620,136.6832754813111
Lyric,Small,24.566282800530317,200,49.132565601060634
Lyric,Small,33.235748527552886,200,66.47149705510577
Lyric,Small,36.6208445080363,200,73.2416890160726
Prose,Large,17.627694113612318,620,109.29170350439638
Prose,Small,18.452558276421357,200,36.90511655284271
Lyric,Large,33.95739231627951,620,210.53583236093297
Prose,Large,18.24822196616999,620,113.13897619025393
Prose,Large,11.964658225365305,620,74.1808809972649
Lyric,Large,35.462663463142164,620,219.8685134714814
Lyric,Small,25.5328954203927,200,51.0657908407854
Lyric,Small,30.217795814383162,200,60.435591628766325
Prose,Large,22.51435583284101,620,139.58900616361427
Prose,Large,29.40058320824482,620,182.2836158911179
Lyric,Small,31.120064022548874,200,62.240128045097755
Prose,Large,11.229552571803676,620,69.6232259451828
Prose,Large,16.997540725931824,620,105.3847525007773
Prose,Large,22.802762618754862,620,141.37712823628016
Prose,Large,19.79674573379622,620,122.73982354953658
Prose,Small,20.41319583944629,200,40.82639167889258
Prose,Large,16.754748780557627,620,103.87944243945728
Lyric,Large,35.55334729884389,620,220.43075325283212
Lyric,Small,28.079428907145324,200,56.158857814290656
Prose,Large,14.255687306969964,620,88.38526130321378
Prose,Small,22.474434511446795,200,44.94886902289359
Prose,Large,20.200488654666387,620,125.2430296589316
Prose,Large,18.26095121623465,620,113.21789754065482
Prose,Large,6.9759415977381956,620,43.250837905976816
Lyric,Small,34.551037760452594,200,69.10207552090519
Lyric,Large,30.059062903829837,620,186.36619000374498
Lyric,Small,30.525872111111934,200,61.05174422222387
Lyric,Small,36.50055449039348,200,73.00110898078697
Lyric,Small,29.221097098586228,200,58.44219419717246
Lyric,Small,36.73633267554888,200,73.47266535109776
Prose,Large,22.86765039279913,620,141.77943243535464
Prose,Large,26.516576137604975,620,164.40277205315084
Prose,Large,26.32291838328379,620,163.2020939763595
Lyric,Small,26.570999127459707,200,53.14199825491941
Lyric,Small,33.206190659656265,200,66.41238131931253
Lyric,Small,31.22259906611714,200,62.44519813223428
Lyric,Large,33.09321951407443,620,205.17796098726146
Prose,Large,16.79205836475167,620,104.11076186146036
Lyric,Small,31.227215481255552,200,62.45443096251111
Lyric,Small,26.603327301491582,200,53.206654602983164
Lyric,Small,35.93286837566614,200,71.86573675133228
Prose,Large,20.139098019649378,620,124.86240772182614
Prose,Large,21.10465243505282,620,130.84884509732748
Lyric,Small,35.830434910010624,200,71.66086982002125
Lyric,Small,24.88872709483317,200,49.77745418966634
Prose,Large,20.500131327992936,620,127.10081423355619
Lyric,Small,38.66206980632221,200,77.32413961264442
Lyric,Small,33.79953555520426,200,67.59907111040852
Lyric,Small,23.89972580777932,200,47.79945161555864
Lyric,Small,37.90610753075969,200,75.81221506151938
Prose,Large,26.372922042240088,620,163.51211666188854
Prose,Large,21.44582846347321,620,132.9641364735339
Prose,Large,21.076402567616196,620,130.67369591922042
Lyric,Small,34.73483420209112,200,69.46966840418224
Lyric,Small,31.51609332620067,200,63.03218665240134
Prose,Large,25.63407134900931,620,158.93124236385773
Prose,Large,19.302806900638135,620,119.67740278395645
Lyric,Large,33.242520315199414,620,206.10362595423638
Prose,Large,18.186176296761616,620,112.75429303992202
Lyric,Small,34.87449300861909,200,69.74898601723818
Prose,Large,21.016950887455174,620,130.3050955022221
Prose,Large,21.89418738157732,620,135.7439617657794
Prose,Large,17.991246523174965,620,111.54572844368478
Lyric,Large,38.56068788429165,620,239.07626488260826
Lyric,Small,39.76542983884649,200,79.53085967769297
Prose,Small,20.288270040546937,200,40.576540081093874
Prose,Small,24.310781187993307,200,48.62156237598661
Lyric,Small,35.7688767078041,200,71.5377534156082
Prose,Large,18.44077089171148,620,114.33277952861118
Prose,Large,17.49210549052873,620,108.45105404127811
Lyric,Small,38.02935085047709,200,76.05870170095417
Lyric,Small,36.563318880747765,200,73.12663776149553
Prose,Large,18.12874326477805,620,112.3982082416239
Lyric,Large,33.263691316307785,620,206.23488616110828
Prose,Large,17.093728285197653,620,105.98111536822543
Lyric,Small,26.871353972603718,200,53.742707945207435
Lyric,Small,37.505996424766664,200,75.01199284953333
Prose,Large,23.802765979353573,620,147.57714907199215
Prose,Large,20.55616723994885,620,127.44823688768287
Lyric,Small,30.478885932384628,200,60.95777186476926
Lyric,Small,32.6145044589159,200,65.2290089178318
Lyric,Large,38.132935117095954,620,236.42419772599493
Prose,Large,16.82494633187717,620,104.31466725763846
Lyric,Small,32.07760246147002,200,64.15520492294004
Prose,Large,19.544104408742015,620,121.1734473342005
Lyric,Small,30.26153079910661,200,60.52306159821321
Lyric,Small,32.682005511241066,200,65.36401102248213
Lyric,Small,33.973711178623915,200,67.94742235724783
Prose,Large,14.616648793274972,620,90.62322251830483
Prose,Large,19.784953904320627,620,122.66671420678789
Lyric,Small,35.68273854126183,200,71.36547708252365
Prose,Large,24.026081650896305,620,148.9617062355571
Prose,Large,8.448729384855934,620,52.38212218610679
Prose,Small,19.89532513982886,200,39.79065027965772
Prose,Large,22.98762167372492,620,142.5232543770945
Prose,Large,25.86552181902287,620,160.3662352779418
Lyric,Small,37.43063376821016,200,74.86126753642031
Prose,Large,24.537856849317667,620,152.13471246576952
Lyric,Small,32.55285885424275,200,65.1057177084855
Lyric,Small,36.62253976227396,200,73.24507952454792
Lyric,Small,22.44562804130925,200,44.8912560826185
Prose,Large,22.997857830659896,620,142.58671855009135
Prose,Large,21.914834766229035,620,135.87197555062002
Lyric,Small,34.66268427662172,200,69.32536855324344
Lyric,Large,35.0176620778268,620,217.10950488252615
Lyric,Small,35.251590080233626,200,70.50318016046725
Lyric,Large,40.99350514312725,620,254.15973188738894
Lyric,Small,36.355456340792536,200,72.71091268158507
Lyric,Small,29.441436392689287,200,58.882872785378574
Lyric,Small,36.646821777115406,200,73.29364355423081
Lyric,Large,41.990118831391314,620,260.33873675462615
Prose,Large,18.293347825652866,620,113.41875651904778
Prose,Small,28.898283221471914,200,57.79656644294383
Lyric,Small,33.90170030389124,200,67.80340060778248
Prose,Small,17.976335017311794,200,35.95267003462359
Prose,Large,16.505275607821318,620,102.33270876849217
Prose,Large,22.156033088893068,620,137.367405151137
Prose,Large,16.49392922465487,620,102.2623611928602
Lyric,Small,33.28255018090024,200,66.56510036180048
Lyric,Small,29.920215130802273,200,59.84043026160455
Prose,Small,13.603489527337247,200,27.206979054674495
Lyric,Small,21.967529909744222,200,43.935059819488444
Prose,Large,23.39832835430293,620,145.06963579667817
Lyric,Small,31.928583877443685,200,63.85716775488737
Prose,Small,19.269786591043804,200,38.53957318208761
Lyric,Small,40.22644876635208,200,80.45289753270416
Lyric,Large,23.959076795432974,620,148.54627613168444
Lyric,Small,35.96604025515822,200,71.93208051031644
Prose,Large,26.60066386726863,620,164.92411597706553
Prose,Large,21.581152870778435,620,133.8031477988263
Lyric,Large,32.182974862347564,620,199.5344441465549
Prose,Large,19.680124354322814,620,122.01677099680145
Lyric,Small,39.102105655507984,200,78.20421131101597
Prose,Large,15.888332914574496,620,98.50766407036187
Prose,Large,17.13212110564269,620,106.21915085498468
Lyric,Small,31.78640029053515,200,63.5728005810703
Lyric,Small,30.138982164210695,200,60.27796432842138
Lyric,Large,35.97558758958058,620,223.04864305539957
Lyric,Large,42.58407404399178,620,264.021259072749
Lyric,Large,35.291154215400795,620,218.80515613548494
Prose,Large,23.5013927036925,620,145.7086347628935
Lyric,Large,44.400888383072896,620,275.2855079750519
Prose,Large,16.778841305346514,620,104.0288160931484
Lyric,Small,35.118307291446015,200,70.23661458289203
Prose,Large,24.7460963579814,620,153.4257974194847
Lyric,Small,24.250172525683286,200,48.50034505136657
Lyric,Small,39.51917635391894,200,79.03835270783787
Lyric,Small,31.7065672566538,200,63.413134513307604
Prose,Large,14.541260445801182,620,90.15581476396733
Prose,Large,14.572758842806232,620,90.35110482539864
Prose,Large,15.750311322925148,620,97.65193020213592
Lyric,Small,38.12691334116187,200,76.25382668232373
Lyric,Small,33.89255673470114,200,67.78511346940228
Lyric,Small,36.46065713767695,200,72.9213142753539
Prose,Large,22.505404860966298,620,139.53351013799104
Lyric,Small,28.706866731468246,200,57.41373346293649
Prose,Large,18.910192423436758,620,117.2431930253079
Lyric,Small,33.47937174357454,200,66.95874348714908
Prose,Large,23.412952230076407,620,145.16030382647372
Prose,Large,19.63611016218605,620,121.7438830055535
Prose,Large,22.994374135575306,620,142.5651196405669
Lyric,Small,35.616429770422805,200,71.23285954084561
Prose,Large,8.037557537832402,620,49.83285673456089
Prose,Small,13.582073712913132,200,27.16414742582626
Prose,Small,23.25791134506461,200,46.51582269012922
Prose,Large,16.853213957335985,620,104.48992653548311
Lyric,Small,36.255119845968466,200,72.51023969193693
Prose,Small,24.549216430108206,200,49.09843286021641
Prose,Small,18.701000140581936,200,37.40200028116387
Prose,Large,11.357349321297363,620,70.41556579204365
Lyric,Small,26.899435035607553,200,53.79887007121511
Prose,Large,12.217881751815472,620,75.75086686125593
Prose,Large,14.8547266714341,620,92.09930536289143
Prose,Large,17.08435658313121,620,105.9230108154135
Lyric,Small,39.507821761378246,200,79.01564352275649
Prose,Large,18.615060734337973,620,115.41337655289544
Lyric,Small,33.27856490011569,200,66.55712980023138
Lyric,Small,34.89955688866556,200,69.79911377733112
Lyric,Small,32.38596803981416,200,64.77193607962832
Lyric,Small,40.2096544134466,200,80.4193088268932
Lyric,Small,31.726593148067096,200,63.45318629613419
Prose,Large,21.73662744036273,620,134.76709013024893
Prose,Large,13.201640275895064,620,81.85016971054941
Lyric,Large,33.43762154656981,620,207.3132535887328
Prose,Large,19.465657281968546,620,120.68707514820498
Prose,Large,26.524314478962467,620,164.4507497695673
Prose,Large,20.525719005830098,620,127.25945783614661
Lyric,Small,38.00104516000883,200,76.00209032001766
Prose,Large,24.223435737031494,620,150.18530156959525
Prose,Large,15.252461481378834,620,94.56526118454877
Lyric,Large,44.18538739561728,620,273.9494018528271
Prose,Large,18.0772155466534,620,112.07873638925108
Lyric,Small,31.91349933903706,200,63.82699867807412
Prose,Small,20.54176659546519,200,41.08353319093038
Lyric,Large,29.8202467732887,620,184.88552999438994
Prose,Large,16.302836388651176,620,101.0775856096373
Prose,Large,15.723540476950847,620,97.48595095709526
Lyric,Small,33.14779636769134,200,66.29559273538268
Prose,Large,18.258591548240005,620,113.20326759908804
Prose,Large,16.69007218647237,620,103.4784475561287
Lyric,Small,37.716640505613704,200,75.43328101122741
Lyric,Small,28.826467316441477,200,57.65293463288296
Prose,Small,22.637220396168274,200,45.27444079233655
Prose,Large,17.80816289674237,620,110.4106099598027
Prose,Large,28.37598526659797,620,175.9311086529074
Lyric,Large,30.36356863673769,620,188.25412554777367
Prose,Large,16.769240190979,620,103.96928918406981
Lyric,Small,26.788463484528616,200,53.57692696905724
Prose,Small,28.1484336437912,200,56.296867287582394
Lyric,Small,37.951700167751675,200,75.90340033550335
Prose,Large,23.643287390226302,620,146.58838181940308
Prose,Large,23.462499812629837,620,145.46749883830498
Lyric,Small,37.48012688381429,200,74.96025376762859
Prose,Large,11.547111765264914,620,71.59209294464247
Prose,Small,18.14779752603218,200,36.29559505206436
Lyric,Small,28.071684890341675,200,56.14336978068335
Lyric,Small,24.8598845345307,200,49.7197690690614
Lyric,Small,32.32072200932615,200,64.6414440186523
Lyric,Small,33.669542215568434,200,67.33908443113687
Lyric,Small,28.958727132952866,200,57.91745426590573
Lyric,Small,42.66826351653606,200,85.33652703307212
Prose,Large,15.596388651051011,620,96.69760963651626
Prose,Large,18.782633736323778,620,116.45232916520743
Prose,Small,8.038080017039507,200,16.076160034079013
Lyric,Small,30.904779267921285,200,61.80955853584257
Prose,Large,16.282977650219284,620,100.95446143135955
Lyric,Large,30.21723453832594,620,187.34685413762082
Lyric,Small,31.048155812701324,200,62.09631162540264
Lyric,Small,23.64952974079172,200,47.29905948158344
Lyric,Small,36.93389141429955,200,73.8677828285991
Prose,Large,18.500080800227142,620,114.70050096140828
Lyric,Small,30.24660115671378,200,60.49320231342756
Prose,Small,27.20793983949101,200,54.41587967898202
Prose,Large,20.52173944601042,620,127.23478456526462
Prose,Large,6.274205665003777,620,38.90007512302341
Prose,Large,15.790613947713991,620,97.90180647582675
Lyric,Small,34.47993895258819,200,68.95987790517638
Lyric,Small,36.28764601714822,200,72.57529203429644
Prose,Large,18.646108845160626,620,115.60587483999588
Prose,Large,15.619137854410162,620,96.838654697343
Lyric,Small,26.732856565352435,200,53.46571313070487
Lyric,Large,38.70235430120841,620,239.95459666749213
Prose,Large,21.71740890625899,620,134.64793521880574
Lyric,Small,38.8197478593779,200,77.6394957187558
Lyric,Large,35.53086668840002,620,220.29137346808014
Lyric,Large,41.550600072343514,620,257.61372044852976
Prose,Large,21.17334412931864,620,131.27473360177555
Prose,Large,25.39441435982176,620,157.4453690308949
Lyric,Small,30.519880522650325,200,61.03976104530066
Prose,Large,10.85417633506803,620,67.29589327742178
Lyric,Large,27.37286473671744,620,169.71176136764814
Lyric,Small,29.84025844585966,200,59.68051689171933
Prose,Large,14.689468262541073,620,91.07470322775465
Lyric,Large,31.354186747091227,620,194.3959578319656
Lyric,Small,36.53808157695887,200,73.07616315391773
Lyric,Large,23.87082035940677,620,147.999086228322
Lyric,Small,41.29480288423632,200,82.58960576847264
Lyric,Small,31.62883444430363,200,63.25766888860726
Prose,Large,20.678810087795362,620,128.20862254433126
Lyric,Small,39.9726008214254,200,79.9452016428508
Lyric,Small,36.316402812300986,200,72.63280562460197
Lyric,Small,36.169865838713115,200,72.33973167742623
Lyric,Small,31.433577796344135,200,62.86715559268827
Prose,Small,9.270007941505831,200,18.540015883011662
Lyric,Small,28.786603134624425,200,57.57320626924884
Lyric,Small,29.241777166334998,200,58.483554332669996
Lyric,Small,28.36913775648054,200,56.73827551296108
Lyric,Small,37.95559210840545,200,75.9111842168109
Prose,Small,18.659761884525146,200,37.31952376905029
Prose,Large,14.383953009371538,620,89.18050865810355
Prose,Large,18.293649696497237,620,113.42062811828288
Lyric,Large,31.149603224539483,620,193.12753999214482
Prose,Small,21.20759728196413,200,42.41519456392826
Lyric,Small,33.981388058512465,200,67.96277611702493
Prose,Large,11.79985747489334,620,73.1591163443387
Lyric,Small,35.444024237415995,200,70.88804847483199
Lyric,Small,32.16256583459636,200,64.32513166919271
Lyric,Large,37.0545993127143,620,229.73851573882868
Lyric,Large,33.96579757485366,620,210.5879449640927
Prose,Small,26.11015872192982,200,52.22031744385964
Lyric,Small,33.09827078397539,200,66.19654156795077
Prose,Small,15.07112638678399,200,30.14225277356798
Lyric,Small,36.87660333090449,200,73.75320666180897
Prose,Large,16.71228994192442,620,103.61619763993141
Prose,Large,18.27623445238705,620,113.31265360479972
Lyric,Small,38.287586887473374,200,76.57517377494675
Prose,Small,24.5774410470217,200,49.1548820940434
Prose,Large,19.917301765270444,620,123.48727094467677
Lyric,Small,29.533524915721088,200,59.067049831442176
Lyric,Large,40.69560350473408,620,252.3127417293513
Lyric,Large,37.66806278635874,620,233.54198927542419
Lyric,Small,29.485203921517282,200,58.970407843034565
Prose,Small,25.574180124544455,200,51.14836024908891
Lyric,Small,32.170575777966455,200,64.34115155593291
Prose,Small,25.79072527682116,200,51.58145055364231
Lyric,Small,25.748494307773484,200,51.49698861554697
Prose,Large,21.56637627110171,620,133.7115328808306
Lyric,Small,30.9667401269894,200,61.9334802539788
Lyric,Small,37.4769357985288,200,74.9538715970576
Prose,Large,12.779191263144126,620,79.23098583149358
Lyric,Large,29.17479356831329,620,180.8837201235424
Lyric,Small,36.449967409336466,200,72.89993481867293
Prose,Small,23.24434370893377,200,46.48868741786754
Lyric,Small,30.983904144988557,200,61.967808289977114
Prose,Large,18.374733389976047,620,113.9233470178515
Prose,Small,11.276392435919092,200,22.552784871838185
Prose,Large,23.32230205768532,620,144.598272757649
Prose,Large,21.570307088457394,620,133.73590394843583
Lyric,Small,21.821970160263714,200,43.64394032052743
Prose,Small,11.580729526571364,200,23.16145905314273
Prose,Large,15.47937462408632,620,95.97212266933518
Lyric,Small,35.555227085298725,200,71.11045417059745
Lyric,Small,30.796064034421327,200,61.592128068842655
Lyric,Small,30.133772054817648,200,60.267544109635296
Prose,Large,21.548742958269703,620,133.60220634127216
Lyric,Small,32.680337902040414,200,65.36067580408083
Prose,Large,20.961055165888897,620,129.95854202851118
Prose,Small,19.112098794206133,200,38.22419758841227
Lyric,Large,35.4156942969572,620,219.57730464113465
Lyric,Small,35.644550617579064,200,71.28910123515813
Lyric,Small,35.782077667130174,200,71.56415533426035
Prose,Large,21.251885403008977,620,131.76168949865567
Lyric,Small,34.21645089614655,200,68.4329017922931
Prose,Large,28.049248969684903,620,173.9053436120464
Prose,Large,21.093743519550127,620,130.78120982121078
Prose,Small,14.355761527011047,200,28.71152305402209
Lyric,Small,35.91457055133058,200,71.82914110266115
Prose,Large,14.34863246514705,620,88.96152128391171
Lyric,Large,37.87726744394373,620,234.83905815245112
Prose,Large,22.29356973551935,620,138.22013236021996
Lyric,Small,37.77251098332144,200,75.54502196664288
Lyric,Small,37.97003911557613,200,75.94007823115226
Lyric,Small,26.689172478279268,200,53.378344956558536
Prose,Large,16.088135590645297,620,99.74644066200084
Prose,Large,19.63234052823349,620,121.72051127504764
Prose,Large,17.547952681101954,620,108.79730662283211
Lyric,Small,35.298409482117236,200,70.59681896423447
Lyric,Small,26.245302857147717,200,52.490605714295434
Prose,Large,8.176156598551763,620,50.69217091102093
Prose,Large,20.00684750806591,620,124.04245455000863
Lyric,Small,34.60656301994589,200,69.21312603989178
Lyric,Small,28.81478726394083,200,57.62957452788166
Prose,Large,14.363099478933627,620,89.05121676938849
Prose,Large,19.52603195337912,620,121.06139811095056
Lyric,Small,36.94525767104157,200,73.89051534208313
Prose,Small,24.006374757943053,200,48.01274951588611
Lyric,Small,37.86611465833215,200,75.7322293166643
Prose,Large,17.04307631435572,620,105.66707314900547
Prose,Large,14.076216794562985,620,87.2725441262905
Prose,Large,21.62199741280628,620,134.05638395939894
Prose,Large,22.669363798133492,620,140.55005554842765
Prose,Small,19.071579297586872,200,38.143158595173745
Prose,Large,15.197189752192102,620,94.22257646359104
Prose,Large,18.391686903984436,620,114.0284588047035
Prose,Large,19.76620153270715,620,122.55044950278433
Lyric,Large,34.1089733155677,620,211.47563455651976
Lyric,Large,26.5214275727363,620,164.43285095096508
Lyric,Large,29.84034702717048,620,185.010151568457
Lyric,Small,29.305866589949332,200,58.611733179898664
Lyric,Small,28.490716808588207,200,56.981433617176414
Prose,Large,18.083611403670105,620,112.11839070275465
Lyric,Large,29.299834561251,620,181.6589742797562
Lyric,Small,25.21772544216157,200,50.43545088432314
Lyric,Small,23.44049766909383,200,46.88099533818766
Lyric,Small,27.784016287049738,200,55.568032574099476
Prose,Large,17.988922636248738,620,111.53132034474218
Lyric,Small,46.629660780274925,200,93.25932156054985
Prose,Large,17.600968223105212,620,109.12600298325232
Prose,Large,31.648793517904288,620,196.22251981100658
Lyric,Small,36.59035076892508,200,73.18070153785015
Lyric,Large,34.34986041206659,620,212.96913455481285
Lyric,Small,36.70778624379413,200,73.41557248758826
Prose,Large,17.55295091378849,620,108.82829566548864
Lyric,Small,22.33489332865431,200,44.66978665730862
Prose,Large,23.725284947936032,620,147.0967666772034
Prose,Large,14.572262055788425,620,90.34802474588822
Lyric,Small,25.30370458707131,200,50.60740917414262
Prose,Large,15.160327437142149,620,93.99403011028132
Lyric,Small,40.1480921497147,200,80.2961842994294
Lyric,Large,34.03550543985068,620,211.02013372707424
Lyric,Small,30.53536989094362,200,61.07073978188724
Lyric,Small,32.23492932776262,200,64.46985865552524
Prose,Large,25.944078340503683,620,160.85328571112285
Prose,Large,28.335573702547116,620,175.68055695579213
Prose,Large,16.975875073042957,620,105.25042545286632
Lyric,Small,29.51647809898092,200,59.03295619796184
Lyric,Small,24.078705141471833,200,48.157410282943665
Prose,Large,17.614478518242123,620,109.20976681310117
Lyric,Large,35.71763065938489,620,221.44931008818628
Prose,Large,16.15877343834684,620,100.18439531775041
Lyric,Small,32.15803742611417,200,64.31607485222834
Lyric,Small,33.69664750507433,200,67.39329501014866
Prose,Small,16.742895323477754,200,33.48579064695551
Lyric,Large,36.49769579558276,620,226.2857139326131
Lyric,Small,28.647983158677444,200,57.29596631735488
Prose,Large,22.34044690581303,620,138.5107708160408
Prose,Large,12.521391573568089,620,77.63262775612215
Lyric,Large,30.780311208247408,620,190.83792949113393
Prose,Large,22.859511893739487,620,141.72897374118483
Lyric,Small,38.69489516449306,200,77.38979032898612
Prose,Small,21.960196715564653,200,43.920393431129305
Prose,Small,12.901635442518076,200,25.80327088503615
Prose,Large,17.989505419050072,620,111.53493359811046
Prose,Small,20.595771459256095,200,41.19154291851219
Prose,Large,31.06114512887659,620,192.57909979903485
Prose,Large,18.698820209237567,620,115.93268529727293
Prose,Small,19.062146728825827,200,38.12429345765165
Prose,Small,17.330629210063396,200,34.66125842012679
Lyric,Small,30.590802840260324,200,61.18160568052065
Prose,Large,20.89846939506744,620,129.57051024941813
Prose,Large,13.475013632141998,620,83.54508451928038
Lyric,Small,23.837310042367523,200,47.67462008473505
Prose,Large,19.244862604054525,620,119.31814814513805
Prose,Large,16.17430692392751,620,100.28070292835055
Prose,Large,14.414507935531839,620,89.3699492002974
Prose,Small,17.4551723394739,200,34.9103446789478
Lyric,Small,28.460307623889115,200,56.92061524777823
Prose,Large,13.978060289050777,620,86.66397379211483
Prose,Small,17.213359395086364,200,34.42671879017273
Prose,Large,20.28816638189645,620,125.786631567758
Lyric,Small,34.255550736774566,200,68.51110147354913
Prose,Large,20.09163564862626,620,124.5681410214828
Prose,Large,23.07215139191717,620,143.04733862988647
Prose,Small,23.368061361671785,200,46.73612272334357
Lyric,Small,31.3789496329292,200,62.7578992658584
Lyric,Small,31.295751474156454,200,62.59150294831291
Prose,Large,9.017639709388881,620,55.90936619821106
Lyric,Small,25.055319535031987,200,50.110639070063975
Prose,Large,12.819450771854935,620,79.4805947855006
Prose,Large,26.785508297415774,620,166.07015144397778
Lyric,Small,38.01418133973732,200,76.02836267947464
Prose,Large,20.263021772541666,620,125.63073498975834
Lyric,Small,35.53862081998484,200,71.07724163996969
Lyric,Small,38.621732904632246,200,77.24346580926449
Lyric,Small,38.79001013216763,200,77.58002026433526
Prose,Large,14.202155941188261,620,88.05336683536721
Lyric,Small,30.356607988511666,200,60.713215977023324
Lyric,Small,29.775761474845062,200,59.551522949690124
Lyric,Small,37.61843675270871,200,75.23687350541742
Lyric,Large,34.515985585857614,620,213.99911063231718
Lyric,Small,28.99738479804027,200,57.994769596080545
Prose,Large,21.474233471216902,620,133.1402475215448
Lyric,Small,29.466773593658786,200,58.93354718731757
Lyric,Small,43.32501348743431,200,86.65002697486862
Lyric,Large,34.449869953173334,620,213.58919370967467
Lyric,Small,35.153703507516035,200,70.30740701503207
Prose,Large,19.36587954460295,620,120.0684531765383
Prose,Large,19.588439241884814,620,121.44832329968585
Prose,Large,24.155134941628724,620,149.7618366380981
Lyric,Small,31.32008689338525,200,62.64017378677049
Prose,Large,19.19445344592949,620,119.00561136476284
Lyric,Small,42.087486673297235,200,84.17497334659447
Prose,Large,6.539640073913837,620,40.54576845826579
Lyric,Small,37.217749963713956,200,74.43549992742791
Lyric,Large,36.34936966777918,620,225.36609194023092
Lyric,Small,27.75791185106578,200,55.51582370213156
Lyric,Large,33.85865554003046,620,209.92366434818888
Prose,Large,14.859673736993066,620,92.12997716935702
Lyric,Small,38.29766346487912,200,76.59532692975824
Lyric,Small,34.12758569139261,200,68.25517138278522
Prose,Large,23.050435525797923,620,142.91270025994712
Lyric,Large,34.753906323932526,620,215.47421920838167
Lyric,Large,30.888122160074385,620,191.50635739246118
Prose,Large,24.083046900778104,620,149.31489078482426
Prose,Large,15.26350304784771,620,94.6337188966558
Prose,Large,15.621675996655858,620,96.85439117926633
Lyric,Small,26.761296560617776,200,53.52259312123555
Lyric,Small,35.68987952802101,200,71.37975905604202
Lyric,Small,36.47702161098737,200,72.95404322197474
Lyric,Small,28.943904840245253,200,57.88780968049051
Prose,Large,5.72466149867309,620,35.49290129177316
Prose,Large,19.883970319024442,620,123.28061597795154
Prose,Large,20.027969249814745,620,124.17340934885142
Prose,Large,21.787146476382212,620,135.08030815356972
Prose,Small,21.505679646875254,200,43.01135929375051
Lyric,Small,41.15501795112095,200,82.3100359022419
Prose,Large,13.288893227802632,620,82.39113801237632
Lyric,Small,34.70327538014228,200,69.40655076028456
Prose,Large,5.118863786179373,620,31.736955474312115
Lyric,Small,38.726762476978806,200,77.45352495395761
Prose,Large,21.98674133703519,620,136.31779628961817
Prose,Large,19.52236895576802,620,121.03868752576172
Prose,Large,24.649916044712562,620,152.8294794772179
Lyric,Large,26.968473102420877,620,167.20453323500942
Prose,Large,20.9969790119338,620,130.18126987398955
Prose,Small,16.0404287674265,200,32.080857534853
Lyric,Small,26.37663772251244,200,52.75327544502488
Lyric,Small,32.678567748513125,200,65.35713549702625
Prose,Large,16.448749366043295,620,101.98224606946843
Lyric,Small,36.286706655156486,200,72.57341331031297
Lyric,Large,30.490485101272736,620,189.04100762789096
Prose,Large,23.328859309526305,620,144.63892771906308
Prose,Small,22.447368877017045,200,44.89473775403409
Prose,Large,20.027287394600172,620,124.16918184652106
Prose,Large,18.36801951996146,620,113.88172102376106
Prose,Small,16.15566166342217,200,32.31132332684434
Lyric,Small,30.75199803948968,200,61.50399607897936
Lyric,Small,40.652842747200125,200,81.30568549440025
Lyric,Small,34.80181325056559,200,69.60362650113117
Prose,Large,22.627796009084932,620,140.2923352563266
Prose,Large,20.789958841324943,620,128.89774481621464
Prose,Large,24.959949870979223,620,154.75168920007118
Lyric,Small,25.826941548164612,200,51.653883096329224
Prose,Small,18.299215511459206,200,36.59843102291841
Prose,Large,16.286822261216205,620,100.97829801954047
Prose,Large,23.431459821805902,620,145.27505089519659
Prose,Large,15.796175662746386,620,97.9362891090276
Prose,Large,11.395162614658803,620,70.65000821088458
Prose,Small,23.09740004183717,200,46.19480008367434
Prose,Small,20.929796162087904,200,41.85959232417581
Prose,Large,19.867562634871096,620,123.17888833620079
Prose,Large,14.641263897144086,620,90.77583616229333
Prose,Large,14.259752578269225,620,88.4104659852692
Lyric,Small,33.10267709221113,200,66.20535418442226
Prose,Large,19.41169795476074,620,120.35252731951658
Prose,Large,27.442390267324804,620,170.14281965741375
Prose,Large,24.107227115881013,620,149.4648081184623
Lyric,Small,30.65431142636283,200,61.308622852725655
Prose,Large,17.183365461314008,620,106.53686586014685
Prose,Small,13.238156299178938,200,26.476312598357875
Lyric,Small,26.17892475900243,200,52.35784951800486
Lyric,Small,39.25022560208309,200,78.50045120416618
Lyric,Small,33.49619835534766,200,66.99239671069532
Lyric,Large,34.37496305600094,620,213.1247709472058
Lyric,Small,22.02604512228164,200,44.05209024456328
Lyric,Large,31.971340710729724,620,198.22231240652428
Prose,Small,29.70645996801536,200,59.41291993603072
Lyric,Small,36.3672536280181,200,72.7345072560362
Prose,Large,23.631993291270437,620,146.5183584058767
Prose,Large,20.307409536418835,620,125.90593912579678
Prose,Large,25.180273836369672,620,156.11769778549197
Prose,Large,23.977154047753366,620,148.65835509607086
Prose,Large,12.049359111152317,620,74.70602648914436
Prose,Large,25.410039163229865,620,157.54224281202517
Prose,Large,20.05690789582032,620,124.35282895408598
Lyric,Small,33.289433672442385,200,66.57886734488477
Prose,Large,21.97573419741437,620,136.24955202396907
Lyric,Large,35.20713257219773,620,218.28422194762592
Lyric,Small,30.193148704412064,200,60.38629740882413
Lyric,Small,39.35556228188279,200,78.71112456376558
Lyric,Small,35.14960076120799,200,70.29920152241598
Lyric,Small,36.44696438544677,200,72.89392877089354
Lyric,Small,21.938809920390675,200,43.87761984078135
Prose,Small,15.989927350430877,200,31.979854700861754
Lyric,Small,41.47799990918059,200,82.95599981836118
Prose,Large,19.061056169109555,620,118.17854824847925
Prose,Large,23.371853589356085,620,144.90549225400773
Lyric,Large,39.873254054915606,620,247.21417514047675
Prose,Small,21.155349008253168,200,42.310698016506336
Lyric,Small,33.636564865307776,200,67.27312973061555
Prose,Small,23.37409645187308,200,46.74819290374616
Prose,Large,13.33731300184268,620,82.69134061142461
Prose,Large,14.846227673037241,620,92.0466115728309
Prose,Large,22.753078242414727,620,141.06908510297131
Prose,Large,20.135241886813347,620,124.83849969824274
Lyric,Small,28.551575615343562,200,57.10315123068712
Prose,Large,18.222933786225962,620,112.98218947460096
Lyric,Small,34.55234761943241,200,69.10469523886482
Prose,Large,27.93621877591531,620,173.20455641067494
Prose,Large,22.165251718861235,620,137.42456065693966
Lyric,Small,42.36005009628962,200,84.72010019257924
Lyric,Small,32.550729098845984,200,65.10145819769197
Prose,Small,9.723963042592944,200,19.447926085185888
Prose,Large,17.702998988269467,620,109.75859372727069
Lyric,Small,34.189355755531786,200,68.37871151106357
Prose,Large,18.184805031845166,620,112.74579119744003
Prose,Large,20.673545499551523,620,128.17598209721945
Lyric,Small,30.735306834434716,200,61.47061366886943
Lyric,Small,38.418141543169696,200,76.83628308633939
Lyric,Small,37.1433076633649,200,74.2866153267298
Prose,Large,20.38189372018042,620,126.3677410651186
Lyric,Large,30.19665077320113,620,187.21923479384702
Lyric,Small,29.266249573367254,200,58.53249914673451
Prose,Large,22.93172631070545,620,142.17670312637378
Prose,Large,19.500286876308042,620,120.90177863310987
Prose,Small,16.412250280142928,200,32.824500560285855
Prose,Large,25.387340082075777,620,157.40150850886982
Lyric,Large,34.74077932894004,620,215.39283183942825
Prose,Large,6.0890747733130475,620,37.75226359454089
Prose,Large,31.635816570873757,620,196.1420627394173
Prose,Large,23.09261862286696,620,143.17423546177517
Lyric,Small,41.23571109977062,200,82.47142219954124
Lyric,Small,29.030236293390036,200,58.06047258678008
Lyric,Small,32.622462453422806,200,65.24492490684561
Lyric,Large,26.731573065220374,620,165.73575300436633
Prose,Large,15.16965920837691,620,94.05188709193683
Lyric,Large,35.86589614275176,620,222.3685560850609
Lyric,Small,40.87034638668128,200,81.74069277336255
Prose,Small,14.45660571224423,200,28.91321142448846
Prose,Large,13.94749067224145,620,86.474442167897
Lyric,Large,38.51691060682926,620,238.80484576234144
Prose,Large,18.658652280432616,620,115.68364413868223
Prose,Small,24.189561488707145,200,48.37912297741429
Prose,Large,19.727620397783394,620,122.31124646625705
Lyric,Small,30.907018469965813,200,61.814036939931626
Prose,Large,16.018337812592293,620,99.31369443807222
Prose,Large,21.213082337864222,620,131.52111049475818
Lyric,Small,31.53607350634113,200,63.07214701268226
Prose,Small,31.750858982388362,200,63.50171796477673
Prose,Large,15.85212686934338,620,98.28318658992896
Prose,Large,18.378116148502674,620,113.94432012071658
Lyric,Small,26.87033683240868,200,53.740673664817365
Lyric,Small,29.720016986741875,200,59.44003397348375
Prose,Large,16.178474801335934,620,100.3065437682828
Prose,Large,24.64877358863157,620,152.82239624951575
Prose,Large,22.357139896708993,620,138.61426735959577
Lyric,Small,35.4437176742681,200,70.8874353485362
Prose,Large,15.952280711641645,620,98.9041404121782
Prose,Large,21.33828301364289,620,132.2973546845859
Prose,Large,17.617727411761713,620,109.22990995292263
Prose,Large,16.63642520481733,620,103.14583626986744
Prose,Large,14.798321158782159,620,91.74959118444937
Lyric,Small,30.71944176562429,200,61.43888353124858
Lyric,Small,35.97001833619351,200,71.94003667238702
Lyric,Small,31.747926991095685,200,63.49585398219138
Lyric,Small,24.733079408145436,200,49.46615881629087
Prose,Small,12.187466809168352,200,24.374933618336705
Prose,Large,20.241168007535766,620,125.49524164672174
Lyric,Small,26.57432705023171,200,53.148654100463425
Prose,Small,16.44175016421487,200,32.88350032842974
Prose,Large,24.740142606663106,620,153.38888416131127
Lyric,Small,39.54323996613518,200,79.08647993227036
Lyric,Small,34.27922074792726,200,68.55844149585452
Prose,Large,16.342761741008967,620,101.3251227942556
Prose,Large,25.882217099788512,620,160.46974601868877
Lyric,Small,40.74814044517605,200,81.4962808903521
Lyric,Small,28.614532369539866,200,57.229064739079725
Prose,Small,21.28916939663158,200,42.57833879326316
Prose,Small,23.398377375593075,200,46.79675475118615
Prose,Large,17.557285415304204,620,108.85516957488605
Lyric,Small,35.53274915304548,200,71.06549830609096
Lyric,Large,41.167487605312544,620,255.2384231529378
Lyric,Small,29.93409262377591,200,59.86818524755182
Lyric,Small,25.491466210291627,200,50.982932420583246
Prose,Large,19.88533165939767,620,123.28905628826556
Prose,Large,18.750385408660915,620,116.25238953369767
Lyric,Small,35.37751595362598,200,70.75503190725196
Prose,Small,18.459922094892637,200,36.91984418978527
Lyric,Small,35.852193531145936,200,71.70438706229187
Lyric,Small,31.07970114672059,200,62.15940229344118
Prose,Large,27.212231796630782,620,168.71583713911085
Prose,Large,22.641760322680213,620,140.37891400061733
Prose,Large,22.602777638632656,620,140.13722135952247
Prose,Large,20.248676729060413,620,125.54179572017456
Lyric,Small,39.23540943382001,200,78.47081886764002
Lyric,Small,31.135841701896872,200,62.271683403793745
Lyric,Small,28.17657921163493,200,56.35315842326985
Prose,Small,15.864568870876486,200,31.72913774175297
Prose,Large,25.066778258068684,620,155.41402520002583
Prose,Large,14.40800537811496,620,89.32963334431275
Lyric,Small,27.90849749817769,200,55.81699499635538
Lyric,Small,26.9573818551378,200,53.9147637102756
Prose,Large,27.01516553604325,620,167.49402632346815
Prose,Large,11.741653726873482,620,72.79825310661559
Prose,Large,21.719180783774764,620,134.65892085940354
Lyric,Large,39.562791789083406,620,245.28930909231713
Prose,Large,14.605868712684213,620,90.55638601864213
Lyric,Small,36.557386583417724,200,73.11477316683545
Lyric,Small,33.17057236588357,200,66.34114473176714
Prose,Large,20.307509143483884,620,125.90655668960008
Lyric,Large,34.774454853896415,620,215.60162009415777
Lyric,Small,36.63988456643471,200,73.27976913286942
Prose,Large,24.317160137224754,620,150.76639285079347
Prose,Large,21.328096560270193,620,132.2341986736752
Prose,Large,19.564117328736465,620,121.29752743816609
Prose,Large,6.946778600927789,620,43.07002732575229
Lyric,Small,30.777554418803604,200,61.55510883760721
Prose,Large,10.522172295519864,620,65.23746823222316
Lyric,Small,23.758894853932336,200,47.51778970786467
Prose,Small,20.932985654481275,200,41.86597130896255
Lyric,Small,30.11258181893243,200,60.22516363786487
Lyric,Small,39.53020575605241,200,79.06041151210482
Prose,Small,13.833051625632093,200,27.666103251264186
Lyric,Small,33.98783609193429,200,67.97567218386858
Lyric,Small,39.5434384584047,200,79.0868769168094
Prose,Large,19.880006592127533,620,123.2560408711907
Lyric,Small,19.15404505586475,200,38.3080901117295
Prose,Small,33.06013452550653,200,66.12026905101305
Prose,Small,17.16868120386389,200,34.33736240772778
Prose,Large,10.408247437470266,620,64.53113411231564
Lyric,Large,36.31481484045252,620,225.1518520108056
Lyric,Small,29.060634491138522,200,58.121268982277044
Lyric,Large,36.087202821413534,620,223.74065749276392
Lyric,Small,42.1290721381899,200,84.2581442763798
Prose,Large,23.012538207000503,620,142.6777368834031
Lyric,Small,23.403300159247713,200,46.80660031849543
Lyric,Small,26.166843445820458,200,52.333686891640916
Prose,Large,13.878586430293417,620,86.04723586781918
Lyric,Small,30.80518717021488,200,61.61037434042975
Lyric,Large,31.61807755490929,620,196.0320808404376
Lyric,Small,31.706566515495222,200,63.413133030990444
Lyric,Small,30.27379667495699,200,60.54759334991399
Prose,Small,20.36857198759888,200,40.73714397519776
Prose,Large,16.86107385625208,620,104.53865790876289
Prose,Large,18.469635494180004,620,114.51174006391602
Lyric,Small,22.27147851555929,200,44.54295703111858
Lyric,Small,38.09651942674147,200,76.19303885348295
Lyric,Small,40.73545294664948,200,81.47090589329896
Prose,Large,20.79192609092428,620,128.90994176373056
Lyric,Large,27.632986884733196,620,171.32451868534582
Lyric,Small,41.25162106784003,200,82.50324213568005
Lyric,Small,21.242181210290656,200,42.48436242058131
Lyric,Small,35.99189742786205,200,71.9837948557241
Prose,Small,21.789145130590292,200,43.578290261180584
Prose,Large,15.152030036724046,620,93.94258622768908
Lyric,Small,33.66513129785878,200,67.33026259571756
Prose,Small,17.093754456659106,200,34.18750891331821
Lyric,Small,34.78522818489978,200,69.57045636979956
Lyric,Small,37.89817341867389,200,75.79634683734778
Lyric,Large,34.19551262172965,620,212.0121782547238
Prose,Large,14.022011325771551,620,86.93647021978363
Prose,Large,19.375213351373983,620,120.12632277851868
Prose,Large,25.815778108031804,620,160.0578242697972
Prose,Large,16.838423400260673,620,104.39822508161618
Prose,Large,19.73127426140982,620,122.33390042074089
Prose,Large,18.396128067116653,620,114.05599401612324
Lyric,Small,29.44566258689666,200,58.89132517379332
Lyric,Large,34.566813673479814,620,214.31424477557485
Prose,Large,13.441426921601249,620,83.33684691392774
Prose,Large,12.151474733439798,620,75.33914334732675
Lyric,Small,31.08025658462575,200,62.160513169251495
Prose,Large,20.761187384241012,620,128.71936178229427
Prose,Large,23.997715005797147,620,148.78583303594232
Lyric,Small,30.74486967947282,200,61.48973935894564
Lyric,Small,38.124051034660226,200,76.24810206932045
Lyric,Small,34.000603368567866,200,68.00120673713573
Prose,Large,16.621078957076325,620,103.05068953387321
Lyric,Small,31.544998176384276,200,63.08999635276855
Lyric,Small,30.577398872073754,200,61.1547977441475
Lyric,Small,39.2924041562443,200,78.5848083124886
Prose,Large,16.199835117173606,620,100.43897772647635
Lyric,Small,33.522247555442014,200,67.04449511088403
Lyric,Small,31.42550044344121,200,62.85100088688241
Lyric,Small,35.3192585537812,200,70.6385171075624
Lyric,Small,18.112130268433525,200,36.22426053686705
Lyric,Small,37.56267707641055,200,75.1253541528211
Lyric,Small,30.211147855138186,200,60.42229571027637
Prose,Small,8.094910917373994,200,16.18982183474799
Prose,Small,24.202173051754265,200,48.40434610350853
Prose,Small,25.010456414617558,200,50.02091282923512
Lyric,Small,35.30768576171978,200,70.61537152343956
Prose,Large,16.137179062174123,620,100.05051018547957
Lyric,Small,37.31679686879959,200,74.63359373759918
Lyric,Small,36.50312061256123,200,73.00624122512247
Lyric,Small,37.128160319346094,200,74.25632063869219
Lyric,Small,38.78806397695062,200,77.57612795390123
Prose,Large,16.512721761058376,620,102.37887491856193
Lyric,Small,33.238039719578545,200,66.47607943915709
Prose,Large,17.4000145337984,620,107.8800901095501
Prose,Small,13.74593924444532,200,27.49187848889064
Prose,Small,17.702951172837853,200,35.405902345675706
Prose,Large,19.969387117650793,620,123.81020012943492
Prose,Large,22.444963802930726,620,139.1587755781705
Prose,Large,15.45853303508304,620,95.84290481751484
Prose,Large,27.42482852828581,620,170.03393687537204
Lyric,Small,37.92691905674528,200,75.85383811349055
Prose,Large,14.099442205859235,620,87.41654167632727
Prose,Large,24.356042758242523,620,151.00746510110366
Lyric,Small,31.89378432683607,200,63.787568653672146
Prose,Large,17.016714794848905,620,105.50363172806321
Prose,Large,31.751743106950265,620,196.86080726309163
Prose,Large,12.660749248832948,620,78.49664534276428
Prose,Large,18.74156504708725,620,116.19770329194095
Prose,Large,15.571769909487871,620,96.5449734388248
Lyric,Small,26.55355658730156,200,53.10711317460313
Lyric,Small,34.053916169825364,200,68.10783233965073
