id,species,subject,grade
0,orc,combat,2.9537838299975316
1,orc,combat,3.424530140103118
2,orc,combat,3.6180005058961155
3,elv,magic,2.1171258708827048
4,elv,combat,3.502913989275578
5,orc,combat,3.9045804932825043
6,orc,combat,3.53049345907663
7,elv,magic,2.128262500535675
8,elv,combat,4.183070561062209
9,orc,magic,1.977111794735584
10,elv,combat,3.968815722501447
11,orc,magic,1.0
12,orc,combat,2.5789221746566264
13,orc,combat,3.3831828610078776
14,elv,magic,1.9504950460551622
15,orc,combat,3.590701874996098
16,elv,magic,2.1616887686473425
17,orc,combat,2.2174622807965
18,elv,combat,4.4948154776987295
19,elv,magic,2.2404737843842994
20,orc,combat,3.7632457427627855
21,orc,dance,1.1952390416642666
22,elv,dance,1.526255341292468
23,elv,magic,3.1139431633980985
24,elv,combat,3.386048521238411
25,orc,combat,3.158033839702063
26,orc,magic,1.9932914030345177
27,elv,combat,4.6091709519391175
28,orc,combat,2.704820336841916
29,elv,magic,3.4263774906117908
30,orc,combat,2.5057423370522756
31,elv,combat,3.548381647403695
32,elv,magic,2.657524414573246
33,orc,dance,1.0
34,elv,dance,1.6926748776304774
35,elv,magic,2.6721514056986964
36,orc,combat,3.0007629251307946
37,elv,combat,2.9929153014525363
38,orc,combat,4.723513409538551
39,orc,combat,3.9198432337429816
40,elv,magic,2.656271350024162
41,orc,combat,3.9365747128461104
42,orc,combat,2.5852550172398407
43,elv,combat,3.5333849826395993
44,elv,combat,3.9256853585448264
45,orc,magic,1.5931264011960313
46,orc,combat,1.6853792178018725
47,orc,combat,2.5778822841907445
48,orc,combat,3.368099020742249
49,elv,magic,3.2856648910794597
50,elv,magic,2.8140218262432057
51,orc,combat,1.7725597469464964
52,elv,dance,1.850845382827828
53,orc,magic,2.01169494662792
54,elv,dance,1.5984800191409314
55,orc,combat,3.7091701335018117
56,elv,magic,2.4503404142054817
57,elv,magic,2.2656184483474053
58,elv,magic,1.8193525477811434
59,orc,combat,4.11749678172314
60,elv,dance,1.607079464102396
61,elv,combat,3.321024362020842
62,orc,combat,4.1066179476093465
63,elv,magic,1.3744498082854877
64,elv,dance,1.5418621396380483
65,orc,magic,1.7217619334517695
66,elv,combat,4.028565695313665
67,elv,dance,1.4212675833243489
68,elv,magic,2.099815241126599
69,orc,combat,2.6645711012324114
70,elv,magic,2.7878250379627043
71,orc,magic,1.274451239565531
72,elv,combat,3.3759014909915246
73,orc,combat,4.307871898409668
74,elv,magic,2.533205730746178
75,elv,magic,2.245368027432101
76,orc,combat,2.1726673076622163
77,elv,combat,2.8991804991110324
78,orc,combat,3.557950515508619
79,orc,combat,3.6335709491032997
80,orc,combat,2.9230766117102
81,orc,combat,2.7988766022523337
82,elv,dance,1.6074785541318624
83,orc,combat,3.945688136859807
84,elv,combat,3.7834554226986397
85,orc,magic,2.2215245684436464
86,orc,magic,1.0598428580341623
87,orc,combat,3.3369029041714082
88,elv,magic,2.1235643910438897
89,elv,combat,2.4229318880640265
90,elv,dance,1.7110251859916188
91,orc,combat,3.1495249479626155
92,elv,combat,3.41016029548625
93,orc,combat,3.9148506223287027
94,elv,magic,1.7817584644653202
95,elv,magic,1.8669571058802252
96,elv,magic,2.2262267193658367
97,orc,combat,3.6106112821538328
98,orc,combat,3.62059934062553
99,orc,dance,1.0
100,orc,magic,2.185831703702759
101,orc,magic,2.2780943149732056
102,orc,magic,2.237298746882456
103,elv,magic,2.001639907928718
104,elv,magic,1.4746520354434494
105,orc,combat,4.084636136297035
106,elv,dance,2.1136854893272092
107,elv,combat,3.3967922346972017
108,elv,magic,3.007134384717623
109,elv,magic,2.7188445172686047
110,elv,magic,1.87377627912436
111,elv,dance,1.5057430141425097
112,elv,magic,2.2678377479988026
113,elv,combat,3.3999393699124956
114,elv,magic,1.8641214893722517
115,orc,dance,1.0
116,elv,combat,4.550447099702419
117,orc,magic,1.8456356974830042
118,elv,dance,1.8220632745406409
119,elv,combat,2.42492486256378
120,elv,combat,4.715235902587248
121,orc,magic,3.1470365165041096
122,elv,combat,3.9909527897862755
123,elv,magic,1.8938809987550893
124,orc,combat,2.9232926083128903
125,orc,combat,4.124960321326814
126,orc,combat,2.63592911465044
127,orc,combat,2.566806749729916
128,elv,combat,5.0
129,orc,combat,2.572629167549515
130,elv,magic,2.884068744238478
131,elv,magic,1.6362024411850926
132,orc,combat,3.735435246937004
133,elv,combat,3.8927972377518456
134,orc,combat,3.2348250492494617
135,elv,magic,2.8413433544588216
136,elv,magic,1.7747530713242834
137,elv,magic,1.913966916178529
138,orc,combat,2.85199317035488
139,orc,combat,3.4665767491695836
140,elv,magic,2.4262038926903164
141,orc,combat,4.957011952239049
142,elv,magic,1.9317212669448034
143,elv,magic,1.5469673274930456
144,orc,combat,3.1359934906450175
145,elv,combat,3.2583854012433866
146,elv,magic,2.4970208233961486
147,orc,combat,3.033936302381457
148,orc,magic,1.1710354504375151
149,orc,combat,2.948541404054573
150,orc,combat,3.6878388624269984
151,orc,magic,1.8476505697041723
152,elv,magic,3.5344883595070646
153,elv,magic,1.2453586386284465
154,orc,combat,3.742024540784073
155,elv,magic,1.2303285491179379
156,orc,combat,1.8963880487004388
157,elv,combat,3.886030392810319
158,orc,combat,2.9211853761423647
159,elv,dance,1.3805378809783297
160,elv,magic,2.29491968461177
161,elv,magic,2.2846330160317616
162,elv,dance,1.085874861044939
163,elv,magic,3.2211391940809153
164,orc,combat,3.4879435495652893
165,orc,combat,3.3994884265787277
166,orc,combat,3.045024384957652
167,orc,magic,1.0
168,orc,combat,3.5968473884817214
169,elv,magic,3.167969910433971
170,orc,combat,3.7742361157058495
171,elv,combat,5.0
172,orc,combat,2.9718034786838823
173,orc,combat,3.7258078435576
174,orc,magic,1.236705778302701
175,orc,combat,3.3658194024979244
176,elv,dance,2.1213241884558687
177,orc,dance,1.032852642331668
178,orc,combat,3.1823546367687854
179,elv,magic,2.5209323672965196
180,orc,combat,4.080295322689837
181,elv,magic,2.4631950325359107
182,elv,magic,2.4667480803292685
183,orc,magic,1.7034284335201515
184,elv,magic,1.6295412656364219
185,elv,magic,1.8387917425196048
186,elv,magic,1.703826664317127
187,elv,magic,2.6414304985598354
188,orc,combat,3.3736525403718116
189,orc,combat,2.1503823507075523
190,elv,magic,2.499215288167391
191,orc,magic,1.821777221269004
192,orc,combat,3.1236227471798177
193,elv,dance,1.6629692174571145
194,orc,combat,1.8339226999858007
195,elv,magic,3.1599426963259094
196,orc,combat,2.8458449555921868
197,orc,combat,3.4736822804483523
198,elv,combat,3.2147819737570327
199,orc,combat,4.192541032552499
200,orc,combat,3.4551421620602487
201,elv,dance,1.2007113859005696
202,orc,magic,1.8191527658494357
203,orc,magic,2.1622924493190903
204,elv,magic,1.6597883012283714
205,elv,magic,2.5600737091081456
206,elv,dance,1.2304068037835802
207,orc,dance,1.0
208,orc,combat,2.711127157641095
209,orc,magic,1.7446571129030062
210,elv,combat,3.4550575172558453
211,elv,magic,2.3394706082125443
212,orc,magic,1.6246310922460248
213,elv,magic,2.152513738843506
214,elv,magic,2.1084689784731054
215,elv,magic,2.343141545838189
216,orc,combat,3.7522155304691
217,elv,dance,1.9239781518288697
218,orc,combat,3.282714923382401
219,orc,combat,3.3356646030996133
220,elv,magic,1.6130813934958685
221,orc,combat,3.794186060378767
222,elv,dance,1.6626492646127071
223,orc,combat,3.3473740218994052
224,elv,combat,3.479559814596563
225,elv,magic,1.6936334636938992
226,orc,combat,3.421754459590273
227,orc,combat,2.4051185109930464
228,orc,magic,1.690948805245929
229,elv,magic,2.7515605253479616
230,orc,combat,2.546003003492642
231,elv,combat,4.285229441964594
232,orc,combat,4.433864459308413
233,orc,combat,3.0372830653191234
234,elv,magic,2.09891798400036
235,orc,combat,3.260459327517075
236,orc,combat,2.671118186849794
237,elv,magic,1.3237480016695597
238,orc,dance,1.4697921448467548
239,orc,combat,3.994587865956701
240,orc,combat,3.045821358938392
241,orc,dance,1.5687255781725131
242,elv,magic,1.6314219061813753
243,elv,magic,3.017404053332145
244,elv,magic,1.9032764919886107
245,orc,combat,2.8610382151321505
246,elv,magic,2.5205517108348463
247,orc,magic,1.6409457291796403
248,orc,combat,4.227283959478248
249,orc,combat,2.2623414349775803
250,orc,combat,3.8438836575174755
251,elv,combat,2.51482756209548
252,orc,combat,2.9531352932360653
253,orc,combat,3.366585468509609
254,orc,magic,1.4768840153116716
255,orc,magic,2.125250955664277
256,elv,magic,2.1600036620611065
257,elv,magic,3.2826146763157045
258,elv,combat,3.1879061642924036
259,elv,magic,2.0540860219997623
260,orc,combat,3.546288389827755
261,orc,magic,1.512542834431808
262,elv,magic,2.652988602503028
263,elv,magic,2.5747460505355417
264,orc,dance,1.0
265,orc,combat,2.724547390393695
266,orc,combat,3.1613271524923863
267,elv,dance,1.6692054311885527
268,orc,combat,2.8211057777407054
269,elv,magic,3.1563249645441624
270,orc,combat,3.7646013161704523
271,elv,dance,1.6468415126949865
272,orc,magic,1.8563044069457293
273,elv,combat,2.997727562437159
274,orc,combat,2.166765236748883
275,orc,combat,4.578051629533304
276,elv,combat,3.63403059241802
277,orc,combat,2.8878221419576464
278,elv,magic,2.7638065982103055
279,elv,combat,2.540508453274213
280,elv,dance,1.5915472317542902
281,elv,magic,2.550762658551212
282,elv,magic,1.977168356479448
283,orc,combat,3.590541415635439
284,elv,combat,2.466580223177278
285,orc,combat,4.012590705967106
286,elv,combat,2.8166140530371133
287,elv,combat,3.865747806154239
288,orc,combat,2.516187568638993
289,elv,dance,1.7853874401602683
290,elv,magic,2.1027656056150414
291,orc,combat,3.5488903004565246
292,orc,magic,1.506050872404679
293,orc,combat,2.7385336644209772
294,elv,magic,1.067622029242453
295,elv,magic,2.3533844471663268
296,orc,combat,3.0837253906633664
297,orc,combat,3.677043794843351
298,elv,magic,1.8808831755254813
299,orc,magic,1.9815316807511603
300,elv,magic,2.1105729859203723
301,orc,magic,1.303631362797386
302,elv,magic,2.3780114099419016
303,orc,combat,3.8466331083594403
304,elv,magic,2.2186483225948233
305,elv,magic,2.030632702792171
306,elv,combat,3.3302579234847633
307,orc,combat,3.7532059858971865
308,orc,combat,2.893777870528675
309,elv,dance,1.7060299859618009
310,orc,combat,3.4941766220235726
311,elv,magic,2.606297882124208
312,orc,combat,2.8821682516343867
313,orc,combat,3.0880801227695014
314,elv,magic,2.227228481964204
315,orc,magic,1.2356480811732693
316,elv,magic,1.2752630476215425
317,elv,magic,2.321160268490658
318,elv,magic,2.606886450083189
319,orc,combat,4.4193096194402655
320,orc,combat,3.1247601643398792
321,elv,magic,1.8411320743089827
322,elv,magic,1.9133838676074855
323,elv,magic,2.8954734478916917
324,elv,magic,2.309917635503021
325,elv,combat,2.4059596704889623
326,orc,combat,4.313605859230313
327,orc,magic,1.653519219745748
328,orc,magic,2.14225252958591
329,elv,magic,2.263209492410787
330,orc,combat,3.650085270628649
331,elv,magic,1.6300519242006755
332,elv,magic,1.525169825296689
333,orc,combat,3.1876090451242294
334,orc,combat,3.83983272287798
335,elv,magic,2.9711342767759614
336,elv,magic,1.5007367437965085
337,elv,magic,2.2862360907330386
338,orc,magic,1.4414934890110525
339,elv,combat,4.136892292667965
340,orc,combat,3.3567961049483337
341,elv,magic,1.8809786263038912
342,elv,dance,1.5182078592489963
343,elv,combat,3.1994953002097657
344,orc,dance,1.3781352029561895
345,orc,combat,3.997089348797405
346,elv,combat,2.8712699540989615
347,orc,magic,1.7514103067713154
348,elv,dance,1.5804691170890948
349,orc,combat,4.100906614729951
350,orc,combat,3.523677891008226
351,elv,dance,2.1486920477206235
352,elv,magic,2.817903788758572
353,orc,combat,2.2426000563077766
354,elv,magic,1.7865165206231908
355,elv,magic,2.4747393735807095
356,elv,magic,1.9810909101699938
357,elv,dance,1.4298764666284665
358,orc,combat,2.1978818150888184
359,elv,magic,2.49189540626901
360,orc,combat,3.9826383983582354
361,elv,dance,1.2854129221306687
362,orc,magic,1.8519239839982653
363,elv,magic,1.6464761704576256
364,orc,magic,1.4800931526569465
365,orc,magic,1.9346246749686662
366,orc,combat,3.468567118666476
367,elv,combat,3.604984745137162
368,orc,combat,3.9539859907418986
369,orc,magic,1.803626659534871
370,orc,combat,3.018097684380507
371,elv,magic,2.6343611445891977
372,orc,combat,3.6901035480127766
373,elv,magic,1.5417844360969999
374,orc,magic,1.98894187887357
375,elv,magic,2.1874250910739685
376,elv,combat,3.2069900911205176
377,elv,magic,1.449872091833531
378,orc,combat,4.107446215099708
379,orc,combat,2.85949855629364
380,orc,combat,2.157322885805187
381,elv,dance,1.392971342927542
382,elv,dance,1.9121222922611243
383,elv,magic,2.6920260858071625
384,orc,combat,4.583272649360026
385,elv,dance,1.789933821601156
386,elv,combat,5.0
387,orc,combat,2.3468631765958166
388,elv,magic,2.365190580158888
389,elv,magic,2.115753689217345
390,elv,magic,1.6874471838259488
391,orc,combat,3.3393039512947973
392,orc,combat,4.002224052182872
393,orc,combat,3.2593628959929326
394,elv,magic,2.0448577766052183
395,elv,magic,1.6825621117834875
396,elv,combat,4.322136675182728
397,elv,magic,2.9969339581544547
398,orc,magic,2.4895013624698143
399,orc,magic,2.510719600585938
400,elv,magic,2.0231151703874186
401,elv,dance,1.549624727462288
402,orc,combat,3.053918084574903
403,elv,magic,2.014774130150057
404,elv,magic,2.827537167886271
405,elv,dance,1.2933161678763234
406,elv,magic,2.3356338875555718
407,elv,magic,2.0273092912507935
408,elv,dance,1.1935472110740557
409,elv,magic,1.278083394754583
410,elv,magic,2.496680066392565
411,orc,combat,3.732284927096341
412,elv,magic,2.2756056517719276
413,elv,magic,2.5570813003001467
414,elv,magic,1.4208207192431201
415,elv,dance,1.6643043684360517
416,elv,magic,1.2901879872200008
417,elv,magic,1.7304548514239617
418,elv,magic,2.0641846832076265
419,elv,magic,2.0855919044486604
420,orc,magic,1.3518505947707817
421,elv,magic,1.3916280465754078
422,elv,dance,2.229016717510148
423,elv,magic,1.7835725602749328
424,orc,magic,1.2221180403768575
425,orc,combat,3.637898073174107
426,elv,magic,2.8647277067144032
427,orc,combat,3.934102960624153
428,orc,magic,1.8833985913717677
429,orc,combat,4.375115593396691
430,elv,dance,1.816117690533717
431,elv,dance,2.376550129592257
432,elv,magic,2.2693880326845166
433,orc,combat,3.5905487976970707
434,orc,combat,3.4563263841617062
435,orc,magic,1.9195580628285878
436,elv,magic,2.8136662309335483
437,orc,combat,3.82965117519797
438,elv,magic,2.65796935064464
439,orc,combat,2.9324818853852976
440,elv,magic,1.5497139043408286
441,orc,combat,3.20047216542037
442,elv,magic,2.581738507858809
443,orc,combat,3.0702226830360866
444,orc,magic,2.6765309586478563
445,orc,combat,3.1922178029541515
446,orc,magic,2.3630539586769763
447,orc,combat,2.6196306275899643
448,orc,combat,3.277373270954786
449,elv,dance,1.833313790224873
450,orc,combat,3.265709729905173
451,elv,combat,3.553222963939476
452,elv,magic,1.9665356709870196
453,elv,combat,3.4038262997935447
454,orc,combat,3.1727063518814558
455,orc,magic,1.6432550483829826
456,elv,magic,2.4049087358452965
457,elv,magic,1.8561812951009697
458,orc,combat,2.6588745393910624
459,orc,combat,3.827367743605596
460,orc,combat,3.5725264425472916
461,elv,magic,2.363781438299421
462,orc,combat,2.4424071472009374
463,elv,magic,1.8482519672232427
464,orc,combat,3.4040941098791424
465,orc,magic,2.0210988402819225
466,orc,combat,4.135396977267943
467,orc,combat,3.911626622765348
468,elv,combat,3.880263149505587
469,orc,magic,1.5329285520487699
470,orc,dance,1.040347033465177
471,elv,magic,2.412832498750314
472,elv,magic,2.3294702103662868
473,elv,combat,3.7341304324029396
474,elv,magic,1.8621514752182606
475,orc,combat,2.939036257321186
476,orc,combat,1.763145151256956
477,orc,combat,2.9914741676748418
478,elv,dance,1.1786332694019388
479,elv,magic,2.2598996406497673
480,orc,combat,2.5927729915412785
481,elv,dance,1.5004187821781116
482,orc,combat,2.749939690552802
483,orc,magic,1.2538353466790244
484,orc,combat,3.9574801203159007
485,elv,dance,1.696030162214835
486,orc,magic,2.325229055107235
487,elv,magic,2.3347403651871264
488,elv,magic,1.724558714616458
489,orc,combat,3.1079333308891246
490,orc,magic,1.394130266074961
491,elv,magic,3.2515851325490184
492,orc,combat,2.7789670651020164
493,orc,combat,4.09572947890553
494,orc,magic,2.5813007477569814
495,orc,magic,1.9457036594251642
496,elv,magic,1.2499336474281568
497,elv,combat,3.9551196232536148
498,orc,combat,2.602965493641109
499,orc,combat,3.6105245032254976
500,orc,combat,2.2686555858216826
501,elv,magic,2.627067568815952
502,elv,magic,2.0591298714964084
503,elv,magic,2.062670766991456
504,orc,magic,1.9618278867129673
505,orc,combat,1.8683130861001962
506,elv,magic,2.1353074053949856
507,orc,combat,3.8371212216661346
508,orc,combat,4.198446387500609
509,orc,combat,4.748394987268262
510,elv,magic,2.482821971201272
511,elv,magic,2.2408755476171844
512,elv,magic,2.4626584261961546
513,elv,magic,2.3867995284650965
514,orc,magic,2.465864011904162
515,elv,magic,1.9801397469293498
516,orc,combat,3.2587369510226676
517,orc,combat,4.057072581671428
518,elv,magic,2.2669183501057244
519,elv,combat,2.652825504911193
520,orc,magic,2.209328063701557
521,elv,combat,4.052601922055811
522,orc,magic,1.0
523,elv,magic,2.0453276775870752
524,elv,magic,2.5807843980447176
525,elv,combat,3.6916145989960962
526,orc,magic,1.0
527,elv,magic,2.028031584410312
528,elv,magic,2.375111727448837
529,elv,magic,2.439804784879556
530,elv,combat,3.3271121586011727
531,elv,dance,1.6584211315603294
532,elv,magic,2.159303007208908
533,elv,combat,3.20988675098608
534,elv,dance,1.0788879480169773
535,orc,combat,3.2012460451690408
536,elv,magic,1.8064657350634528
537,elv,magic,1.4947258528424383
538,elv,magic,2.331045418689845
539,orc,combat,4.138809089259084
540,orc,combat,4.77032520251601
541,elv,combat,3.335610034709851
542,orc,combat,2.6555154286456233
543,orc,combat,3.776982494606966
544,elv,combat,2.9715207158725
545,elv,dance,1.6412942234627395
546,orc,combat,1.6726940018328644
547,orc,magic,1.9955955192878017
548,orc,dance,1.5654264702036482
549,elv,dance,1.4143132564801308
550,elv,combat,3.1033779662057794
551,orc,combat,3.276085094553835
552,orc,magic,1.1768602519847202
553,orc,combat,2.4832829642506504
554,orc,combat,3.0236648100293784
555,orc,combat,3.7618228340616153
556,orc,combat,4.099378977112952
557,orc,combat,3.2171897469987214
558,orc,dance,1.0
559,elv,magic,2.557356579467467
560,orc,combat,4.410349400353175
561,orc,magic,1.7981501622834817
562,elv,combat,4.126284231375596
563,elv,magic,2.8725299752524887
564,elv,dance,2.1028443904323613
565,elv,magic,2.486583954599718
566,elv,magic,1.7185341772403442
567,orc,combat,3.730442532899489
568,orc,combat,3.3317136951390816
569,orc,dance,1.1846082237093596
570,elv,magic,1.8922977928203082
571,elv,magic,2.103075010430101
572,elv,magic,2.3010386175988944
573,orc,combat,3.4468331905493885
574,orc,dance,1.0651068726918815
575,orc,magic,2.0438746694918173
576,orc,combat,2.970438668927768
577,elv,combat,3.3498639956351974
578,orc,magic,2.253281927427808
579,orc,combat,3.12068962315841
580,elv,magic,2.593509136005539
581,elv,magic,1.538404209978557
582,orc,combat,2.0695106846533653
583,orc,combat,3.1784823582090294
584,elv,magic,2.2062146359887738
585,orc,magic,1.860869775535157
586,elv,combat,3.104370267188836
587,elv,dance,1.634393613371167
588,elv,dance,1.6849330747997056
589,orc,combat,4.516076266041246
590,elv,combat,3.1174611983716325
591,elv,magic,1.6190444133013386
592,elv,magic,1.2420202126694977
593,elv,magic,2.0328720861666576
594,orc,combat,3.6046136049092614
595,elv,combat,4.219260008792509
596,orc,combat,2.1788759313454436
597,orc,combat,3.654637779531893
598,elv,magic,2.298698315330187
599,elv,combat,3.6110403970240377
600,elv,magic,1.626621771055276
601,elv,magic,1.0
602,elv,magic,1.9763654384590408
603,elv,magic,2.259380768221909
604,elv,dance,1.4878695508704098
605,orc,dance,1.0491734847164582
606,orc,combat,2.6313989427730964
607,elv,magic,2.5185978575636354
608,elv,magic,2.1591176415698596
609,elv,magic,1.9002810427702492
610,elv,magic,1.8136516847085928
611,elv,magic,2.642961720535853
612,elv,magic,2.297754859249868
613,elv,magic,1.9138586923889407
614,elv,dance,1.7322925808197247
615,orc,combat,2.927769412330857
616,orc,combat,3.2603141007422707
617,elv,magic,1.796726248412409
618,elv,magic,2.091228426623478
619,orc,magic,1.933080479770715
620,orc,combat,3.060027798192788
621,elv,magic,2.1832928623249384
622,elv,magic,2.7028198249755153
623,orc,combat,2.6071726553777155
624,elv,combat,5.0
625,elv,magic,1.963347536203638
626,orc,combat,3.8491726907653567
627,elv,combat,3.8443820086857627
628,orc,magic,1.2864492849159845
629,elv,magic,2.5034584579923793
630,orc,combat,3.3297174067264836
631,elv,magic,1.600867381209531
632,orc,dance,1.5405073003058265
633,elv,magic,2.4127641556040267
634,orc,magic,2.5537851068123265
635,orc,combat,2.6362803247114313
636,elv,magic,2.183496620948582
637,orc,magic,1.2291993457433867
638,elv,dance,2.1871251421694176
639,elv,magic,2.339047306350106
640,orc,combat,1.7950852825620132
641,elv,combat,4.452113055846975
642,orc,combat,4.250613056398073
643,orc,combat,2.3170345568543356
644,elv,magic,3.2330007063431054
645,elv,magic,2.2812126295076904
646,elv,combat,4.640606452420997
647,elv,magic,2.5866506254168398
648,elv,dance,1.9697073717041778
649,elv,combat,4.259850711092608
650,orc,magic,1.5856029456646183
651,orc,dance,1.3055226741466557
652,elv,magic,2.539635918528402
653,orc,combat,3.9574522090315756
654,elv,magic,2.5320371422058217
655,orc,combat,3.869089640980486
656,orc,combat,2.824219401880407
657,elv,magic,1.4299007453139458
658,orc,magic,2.2257026760142127
659,elv,magic,2.8548899899606246
660,orc,combat,3.3410629463942723
661,orc,magic,1.3885676933164346
662,elv,magic,3.0665313767135602
663,orc,combat,3.9013086058228854
664,orc,combat,3.215399251977476
665,orc,combat,2.5668497761358475
666,elv,magic,1.5704953307223888
667,elv,combat,3.2803217791346344
668,elv,magic,2.101086205862556
669,elv,magic,2.1652278711821427
670,elv,magic,2.5939994808368008
671,orc,magic,1.7458914464688655
672,elv,combat,2.5747019554465522
673,elv,magic,1.1006884183310943
674,elv,magic,2.267571731365618
675,orc,combat,3.747713569350492
676,orc,combat,3.8278607648116485
677,orc,combat,4.429352068465558
678,orc,combat,3.1224110581578848
679,orc,combat,2.9087178112868375
680,elv,combat,4.206490127678343
681,elv,magic,2.0729405400728877
682,elv,dance,1.6186042178812228
683,orc,combat,3.2134139411194287
684,elv,magic,2.7349865460905627
685,orc,combat,2.566312974935979
686,orc,combat,3.8165894621809446
687,orc,combat,2.754029297160532
688,elv,magic,2.225524485587606
689,elv,dance,1.8053219324358745
690,orc,magic,1.0633025356595085
691,orc,combat,3.162771544959601
692,elv,magic,2.091854905290215
693,orc,combat,3.896153432443116
694,elv,magic,3.6054877480036454
695,elv,magic,2.597721199983215
696,elv,magic,2.473454513160368
697,elv,magic,1.0
698,elv,magic,3.379539170231107
699,elv,magic,1.8520977269168206
700,orc,combat,3.0117939990681055
701,orc,combat,2.7665063748515513
702,elv,magic,1.6250126142305352
703,elv,combat,2.3173197780365546
704,elv,magic,2.027342376254832
705,orc,combat,1.8592811056587877
706,elv,combat,3.0488222398854683
707,orc,magic,2.032394322770553
708,orc,dance,1.3623169123037848
709,elv,dance,1.6578295237966942
710,elv,magic,2.6249846990509327
711,elv,magic,1.973030769047917
712,elv,dance,1.6205768553913182
713,elv,magic,2.2537849076501484
714,orc,magic,2.0342049356241563
715,elv,magic,2.5836308024172796
716,orc,combat,3.40559146663371
717,elv,magic,3.051112719516103
718,orc,combat,3.9096994845180757
719,elv,magic,2.32817682933897
720,elv,magic,1.0
721,orc,combat,3.6674129866918097
722,orc,combat,3.8365088975537986
723,elv,combat,3.26793017441348
724,orc,combat,3.114967338684814
725,orc,combat,4.156498177952806
726,orc,magic,1.6772007361861965
727,orc,magic,1.4195448489811824
728,orc,combat,4.650135374101756
729,orc,combat,3.6089831519410125
730,orc,magic,1.2492890467039
731,elv,magic,2.0174721673704528
732,orc,magic,2.6340346366448357
733,orc,combat,2.534415256789603
734,elv,magic,2.2260433061016416
735,orc,combat,3.6385370519340845
736,orc,combat,2.5401922128618657
737,elv,dance,1.3598564199439795
738,orc,combat,3.615248162490218
739,orc,combat,3.1958646620447255
740,elv,magic,2.415217556418172
741,elv,magic,3.080778725314202
742,elv,magic,1.4918079582690864
743,elv,combat,3.4670096201990708
744,elv,dance,1.4860874675459026
745,elv,combat,3.9886643678086284
746,orc,combat,3.248389592225166
747,elv,magic,2.2759316979785957
748,elv,magic,1.9481624841550222
749,orc,dance,1.0
750,elv,magic,2.2900255381127588
751,orc,combat,3.484393797429056
752,elv,magic,2.535062614855133
753,elv,magic,2.066437925116965
754,elv,magic,2.329533703111001
755,orc,combat,4.346973907547567
756,elv,dance,1.5033500173130045
757,elv,magic,2.3129598409616134
758,elv,dance,1.9120952649628729
759,orc,magic,2.0026494877566434
760,elv,magic,2.08478489267218
761,orc,combat,4.390822546841544
762,orc,magic,1.8461940965100374
763,elv,magic,1.705199369134663
764,orc,magic,2.3524017970505984
765,orc,combat,2.4246813201404995
766,orc,combat,2.420116177708966
767,orc,magic,2.4794400850930756
768,orc,combat,2.770018368706335
769,elv,dance,1.857279449172855
770,orc,combat,3.6497857304646963
771,orc,magic,2.098666894094874
772,elv,dance,1.3760182323630874
773,elv,combat,4.005015001631095
774,elv,magic,1.7876789610208912
775,orc,magic,1.0533029459281265
776,orc,magic,1.9660393806379584
777,elv,dance,1.7968884102363916
778,elv,magic,3.531339352101374
779,orc,magic,2.0243953396986263
780,orc,magic,2.752120597657326
781,elv,magic,2.207043541956256
782,orc,combat,3.380028146525745
783,orc,dance,1.4795283398597485
784,elv,combat,3.8328664749039634
785,orc,combat,2.6043337544245864
786,elv,dance,1.4528120127753763
787,elv,magic,1.5229398373559047
788,elv,magic,2.5409193250578945
789,orc,combat,2.924237949113221
790,orc,combat,3.2092880505609576
791,elv,combat,3.1987092442547875
792,orc,combat,3.0113576873477217
793,elv,magic,1.7177606046532552
794,elv,magic,1.7732275410906255
795,orc,combat,3.0867676886737465
796,elv,magic,1.9399060134431647
797,orc,combat,2.5702863484455465
798,elv,magic,2.0592438749374167
799,elv,magic,2.7382109667183916
800,orc,combat,2.901196748315484
801,orc,magic,1.8986312414436655
802,orc,magic,1.6027760781446587
803,orc,combat,4.098388907083422
804,orc,combat,3.0976737949042263
805,elv,magic,1.9217924745134132
806,elv,combat,3.63680050515118
807,orc,combat,2.0742206611080074
808,orc,combat,2.8715728180313933
809,elv,magic,2.1275591198616017
810,elv,dance,1.7781166699020867
811,elv,magic,3.239854996746648
812,elv,magic,2.6301960548951153
813,elv,combat,2.996168000233894
814,orc,combat,2.95154723763434
815,orc,combat,2.8414308323433364
816,orc,magic,1.6894747505497278
817,orc,combat,4.25769336830308
818,orc,combat,2.7571595585208373
819,orc,combat,3.7930943676110638
820,elv,magic,2.506728808222974
821,orc,combat,3.2292560365799314
822,orc,combat,3.6562858005176335
823,orc,combat,1.8935212638752121
824,elv,magic,2.053440751040579
825,elv,magic,2.395447027765549
826,orc,combat,2.8157089187689754
827,orc,magic,1.8972369257077415
828,orc,dance,1.394285356137172
829,elv,magic,1.6788179050024978
830,elv,dance,1.7884596067222696
831,orc,combat,5.0
832,orc,magic,1.7683951520018153
833,elv,magic,2.6654749925676198
834,orc,magic,1.0
835,orc,combat,3.2012129237712785
836,orc,combat,3.493494430935071
837,orc,combat,3.043265616822217
838,elv,magic,2.577161415665745
839,elv,magic,2.342460659501857
840,elv,magic,1.2680094044799917
841,orc,magic,1.360158364488593
842,orc,magic,1.0019225582134021
843,elv,magic,2.562599675082046
844,elv,magic,1.9213165085722206
845,orc,magic,1.64204918578045
846,orc,combat,2.8699613130319133
847,orc,magic,2.182228968944402
848,elv,combat,3.9926008105509627
849,orc,combat,3.393096322988916
850,orc,combat,3.126945130041288
851,elv,magic,2.957026102733565
852,elv,combat,3.6575118032092306
853,elv,combat,2.695059232583862
854,orc,magic,1.8025770212463375
855,orc,dance,1.312404803717664
856,elv,magic,2.0224828026380957
857,elv,magic,2.6204536243606356
858,orc,magic,2.0723210633755014
859,elv,magic,1.345292376884725
860,elv,combat,4.36879753150221
861,orc,combat,2.7224331098332
862,orc,combat,3.4794253902395815
863,orc,magic,1.0
864,orc,combat,2.318232434219962
865,elv,magic,1.77104922011888
866,orc,combat,2.80842628566698
867,elv,magic,2.0579102885692393
868,elv,magic,2.717484453140467
869,orc,combat,3.9537998198009965
870,elv,magic,2.611749187850066
871,orc,combat,2.935837082852064
872,orc,combat,3.4535013902001506
873,orc,magic,1.5865479193207404
874,orc,combat,2.981848410635468
875,orc,magic,1.552217569398307
876,elv,magic,2.480166717940355
877,elv,magic,1.8617584999737746
878,orc,combat,3.501768206438323
879,orc,magic,1.9792131599425085
880,elv,magic,1.9672234950120242
881,orc,combat,3.129217193795281
882,elv,combat,3.8577162006543437
883,orc,combat,3.8655450650551106
884,orc,combat,3.496180239541393
885,orc,combat,2.823343956265213
886,elv,magic,2.4918959389846727
887,orc,combat,1.9489322192388965
888,elv,combat,5.0
889,elv,magic,2.953462759441047
890,elv,dance,1.4667931629732787
891,orc,magic,2.053591712953442
892,elv,magic,2.1396353772180707
893,elv,combat,3.19200433586542
894,orc,magic,2.4119031456318445
895,elv,magic,1.930402048866752
896,orc,magic,1.7074428122114942
897,elv,magic,2.041791341587401
898,elv,dance,1.441134637571821
899,elv,combat,4.370355647705097
900,elv,magic,2.8819684071862124
901,elv,magic,2.5866549289550718
902,elv,magic,2.8965072470628437
903,orc,magic,2.2617982341437295
904,orc,combat,3.525842118246675
905,elv,dance,1.640523906116997
906,orc,combat,2.5075530030866378
907,elv,magic,1.151981696664895
908,orc,magic,1.0
909,orc,magic,1.37029380246867
910,orc,combat,3.378204341708667
911,elv,magic,1.7359369504476552
912,orc,magic,2.1693471599118164
913,orc,dance,1.7634401335461358
914,orc,combat,4.88235936265957
915,elv,combat,3.689966464042994
916,elv,dance,1.7658855961451074
917,elv,dance,1.842426331336295
918,elv,magic,2.5681085483028947
919,elv,combat,2.9638296009394933
920,orc,combat,2.935388302603897
921,elv,combat,3.9644377460223215
922,orc,magic,1.5204803271043859
923,orc,dance,1.2161868874282302
924,orc,combat,4.0180535530645685
925,orc,combat,3.6891222351438544
926,orc,combat,3.971591902998496
927,orc,magic,1.7797721704829592
928,elv,magic,2.628785283808141
929,elv,magic,1.7609420980902821
930,orc,combat,4.365349953081014
931,orc,magic,2.2295681643022025
932,elv,magic,1.0
933,elv,magic,2.450750295482542
934,orc,combat,4.065221994398857
935,orc,combat,2.192893059728983
936,elv,combat,2.0579274608607303
937,orc,combat,3.6185930715794696
938,elv,magic,1.6058171521416336
939,orc,combat,2.7622534793042663
940,elv,magic,2.44664358149023
941,orc,combat,3.3958981341682386
942,elv,dance,1.8769465578850568
943,orc,magic,2.060359896438036
944,orc,magic,1.9838291730518305
945,orc,magic,1.9134200473038971
946,orc,magic,1.2428487442583407
947,orc,magic,1.7859278758332375
948,orc,combat,3.7975643403632966
949,orc,combat,4.119650987999083
950,elv,magic,1.6499631234548453
951,elv,dance,2.099613349287766
952,elv,magic,1.5064962052463065
953,elv,combat,2.2410160435078454
954,orc,combat,2.175882437552739
955,elv,magic,2.2202444443619678
956,orc,combat,3.019101327119975
957,orc,combat,4.562048471015652
958,elv,magic,2.5558731786002244
959,orc,magic,1.579615486197606
960,orc,combat,3.7706223703585717
961,orc,magic,1.9038561157065956
962,orc,combat,2.974213515689237
963,orc,magic,1.9741713170056754
964,orc,magic,1.5001774590265062
965,elv,magic,2.920269946114291
966,orc,combat,3.3663497871990486
967,elv,combat,3.1462152242117813
968,orc,combat,4.407082445387076
969,orc,combat,3.441421246379477
970,elv,magic,1.5602157640573158
971,orc,combat,3.0669971776623366
972,orc,combat,3.2310342522392133
973,elv,combat,4.3451048927373
974,orc,combat,3.3114636664786476
975,elv,combat,3.099850378572233
976,orc,combat,3.524208659999281
977,elv,magic,2.4427365822377727
978,elv,magic,2.243921646267081
979,orc,dance,1.1366641328468146
980,elv,magic,2.3612492473226028
981,orc,combat,3.6669121489508125
982,orc,combat,2.39306951025215
983,orc,magic,1.7132705508363142
984,orc,combat,3.4404951585570283
985,orc,magic,1.517418806553048
986,elv,dance,1.5050523244398677
987,elv,combat,3.4134018520212206
988,orc,combat,2.8942565732376364
989,elv,magic,1.5233622300498297
990,elv,dance,1.2980853462745259
991,orc,combat,3.1183682227178737
992,orc,magic,2.0669478513361006
993,elv,dance,1.2981558836317515
994,orc,combat,2.497426352550243
995,orc,combat,3.6032558959410435
996,elv,magic,1.8490587431602417
997,elv,magic,1.3227074184195269
998,elv,magic,2.25956228132689
999,elv,magic,1.0346288327191429
